model,validation,seed,train_r2,test_r2,gap,test_rmse,test_mae
XGBoost,random,0,0.9395876233164473,0.8565247387865997,0.08306288452984756,12.786902472415981,8.840461491798836
HGB,random,0,0.9417651402910752,0.8499210472621557,0.0918440930289195,13.077861568397816,9.150908566617872
LightGBM,random,0,0.8812714440421975,0.8225423748561986,0.05872906918599885,14.220804738898766,10.227055149597287
CatBoost,random,0,0.808381274015147,0.7718571830297265,0.03652409098542053,16.12427663679913,11.915970623985098
KNN,random,0,0.9999999999999588,0.7794704912400445,0.22052950875991428,15.852953864638593,11.129180319017804
RF,random,0,0.7997376844779479,0.7507056283090774,0.04903205616887052,16.855167685011416,12.143142712115084
SVR,random,0,0.7671526646864999,0.7337074898823535,0.03344517480414644,17.420327539614735,11.932453591623277
ExtraTrees,random,0,0.7611260478107775,0.7230699595623513,0.03805608824842621,17.76486351696211,13.143451753335807
Ridge,random,0,0.4793043901118039,0.49041706937330853,-0.01111267926150461,24.098181818580784,18.10796376018387
