candidate,validation,seed,train_r2,test_r2,gap,rmse,mae
XGB_current,group,0,0.9454720893067289,0.7563257187669407,0.18914637053978822,15.431531587493238,10.653021816948398
XGB_current,group,7,0.952685896310998,0.7302055143929694,0.22248038191802855,16.610148303350062,11.561785428900402
XGB_current,group,21,0.9478824190201037,0.7810782573384866,0.16680416168161716,14.146744475298624,10.199250376207946
XGB_current,group,42,0.94653041577897,0.6823357402774335,0.2641946755015365,19.037386983063314,13.003632925108477
XGB_current,group,84,0.9456532599780849,0.8011998547507755,0.14445340522730943,14.063396546035206,10.316278492574973
XGB_current,random,0,0.9404907059687312,0.8554555994399067,0.08503510652882451,12.834456339078924,9.05674273201137
XGB_current,random,7,0.9465637068297315,0.8258941326304128,0.12066957419931867,13.988849651550831,9.18852626195593
XGB_current,random,21,0.9451726415246811,0.8407308987787939,0.10444174274588713,13.485688200950127,8.451510945318574
XGB_current,random,42,0.9439587806786426,0.8493613848278041,0.09459739585083848,12.930150378174801,8.835695884598522
XGB_current,random,84,0.9439222257179468,0.8429674848676835,0.10095474085026335,13.448914256122112,8.76504704124327
XGB_reg1,group,0,0.8127041836789125,0.6693470232707791,0.1433571604081334,17.97589007786364,13.228033412570174
XGB_reg1,group,7,0.8256226565056692,0.6272482083201396,0.19837444818552963,19.52391217905895,14.261835810072636
XGB_reg1,group,21,0.808715101978644,0.6905966764719635,0.1181184255066805,16.81800774470132,12.654041952386862
XGB_reg1,group,42,0.8115267127795802,0.6533370405656831,0.15818967221389713,19.887348333091413,14.957981680306297
XGB_reg1,group,84,0.8028475793014415,0.7219340927907805,0.08091348651066099,16.632431610618877,12.938421668760261
XGB_reg1,random,0,0.7933218264361619,0.7625213388207819,0.030800487615380012,16.45088008339867,11.932012744134314
XGB_reg1,random,7,0.801213634631327,0.7163133245052029,0.08490031012612409,17.85643543914229,12.631957995580988
XGB_reg1,random,21,0.8048961483943634,0.726078660449419,0.07881748794494436,17.685619741687937,12.272741723959173
XGB_reg1,random,42,0.8035586989850168,0.7479219741124914,0.055636724872525356,16.726416738881014,12.378647269016625
XGB_reg1,random,84,0.8001427099241295,0.735365804402865,0.06477690552126447,17.458841109877287,12.20996270176406
XGB_reg2,group,0,0.722801826355703,0.586799015938663,0.13600281041704,20.09485417226316,15.144787338260143
XGB_reg2,group,7,0.7390982771903463,0.5610028903735864,0.17809538681675985,21.1878947089754,15.671220823114242
XGB_reg2,group,21,0.7188872915854716,0.6315241254574396,0.08736316612803197,18.353402543247707,14.196499269274558
XGB_reg2,group,42,0.7172406754774636,0.6065421783022034,0.11069849717526026,21.187135891605923,16.26220501120207
XGB_reg2,group,84,0.717632096146694,0.6776544429026494,0.039977653244044564,17.907819916565956,14.020104657805588
XGB_reg2,random,0,0.6989114014469777,0.6924693603200974,0.0064420411268802935,18.72065485791954,14.087282750467484
XGB_reg2,random,7,0.7161533393447772,0.6413941495555431,0.07475918978923413,20.076314216096367,14.616294917698431
XGB_reg2,random,21,0.7129400709038244,0.6644349271116589,0.04850514379216553,19.574727511444685,14.191167932452238
XGB_reg2,random,42,0.7094933860326015,0.6760512552576916,0.03344213077490987,18.96153837085954,14.608222281382059
XGB_reg2,random,84,0.7119291452691698,0.6650422305577404,0.04688691471142947,19.64207926601213,14.286881509625244
XGB_reg3,group,0,0.7257462048303797,0.5888016088025583,0.13694459602782139,20.046099825145028,15.008352978025707
XGB_reg3,group,7,0.741275016030269,0.5649897446348319,0.17628527139543715,21.09146387523581,15.539037084098416
XGB_reg3,group,21,0.7227348336025498,0.6337012988385546,0.08903353476399511,18.29910083460357,14.161481106584194
XGB_reg3,group,42,0.7192967531574005,0.6014063219512347,0.11789043120616582,21.324966795091008,16.335502616448892
XGB_reg3,group,84,0.7177947197705006,0.6727885582822188,0.04500616148828174,18.042475106292056,14.176401346337492
XGB_reg3,random,0,0.7066906839560629,0.6974298801621118,0.009260803793951111,18.569057427499306,13.821282913914507
XGB_reg3,random,7,0.7172485656763741,0.6461721678161716,0.07107639786020248,19.94211860073504,14.489390042014607
XGB_reg3,random,21,0.714775306831631,0.6676059005857549,0.04716940624587618,19.48202078941534,14.15933071420827
XGB_reg3,random,42,0.7198640598955893,0.678733058641653,0.04113100125393632,18.88288889469458,14.49063701830155
XGB_reg3,random,84,0.7176607323766747,0.6680957027610065,0.04956502961566822,19.55234578086711,14.163209240979336
HGB_reg1,group,0,0.8775694569024514,0.7133485492692027,0.1642209076332487,16.73714032672518,12.017518376072253
HGB_reg1,group,7,0.8796613824587679,0.6829412043595824,0.19672017809918552,18.00639937798009,12.989171626978607
HGB_reg1,group,21,0.8771586478385247,0.7135889338728043,0.1635697139657204,16.18105961179975,12.010881066860719
HGB_reg1,group,42,0.8802563755168091,0.6835820352053883,0.19667434031142084,19.000005510054933,13.829776824353264
HGB_reg1,group,84,0.8712882707458468,0.7458627669595358,0.125425503786311,15.900691903605226,11.997231609319197
HGB_reg1,random,0,0.869740119889239,0.8112484307854892,0.0584916891037498,14.666352745598632,10.549256108979016
HGB_reg1,random,7,0.8747124617159912,0.7830025341468031,0.09170992756918805,15.61718050737657,10.975965500595418
HGB_reg1,random,21,0.8736727136048777,0.792598841421907,0.0810738721829708,15.389089968736762,10.341217685845018
HGB_reg1,random,42,0.871816990907324,0.7958908958611779,0.07592609504614611,15.05104335586568,10.787226171631081
HGB_reg1,random,84,0.8716101684691855,0.7929974821056082,0.07861268636357732,15.441171459908148,10.438559128463687
HGB_reg2,group,0,0.8155683372281199,0.6601862282488402,0.15538210897927973,18.22320132436976,13.395199831424891
HGB_reg2,group,7,0.8259106303778431,0.6313479210634583,0.1945627093143848,19.416248394691298,14.230626851734717
HGB_reg2,group,21,0.8148185288712593,0.6818459125728284,0.13297261629843082,17.0541789002423,13.03615284862396
HGB_reg2,group,42,0.8188366121539281,0.6527231098864772,0.16611350226745092,19.90495051997997,14.94547123383465
HGB_reg2,group,84,0.8061972766298092,0.7073028173867955,0.09889445924301377,17.064404810537294,13.287416065739718
HGB_reg2,random,0,0.8065734108183352,0.7717059225429843,0.03486748827535091,16.129621012386714,11.812082954847265
HGB_reg2,random,7,0.8132148244611962,0.7375242269674891,0.0756905974937071,17.175916127146245,12.21895267524089
HGB_reg2,random,21,0.8134018676211776,0.7517835203121542,0.06161834730902338,16.835369613960935,11.685549820110868
HGB_reg2,random,42,0.8119676657774941,0.7503565918633853,0.061611073914108805,16.645447295142628,12.321643339527524
HGB_reg2,random,84,0.8126336940881769,0.7455763698329754,0.0670573242552015,17.11871469249932,11.824061570141202
LGBM_reg1,group,0,0.7793397727426914,0.6405359142909597,0.1388038584517317,18.74269070424441,13.736426787546218
LGBM_reg1,group,7,0.7983835514180633,0.5984474104348738,0.19993614098318946,20.264140649647654,14.760030530989496
LGBM_reg1,group,21,0.775570923212813,0.6591195808208172,0.11645134239199573,17.652779176176537,13.33540114904941
LGBM_reg1,group,42,0.7768237024175041,0.6399136908861409,0.13691001153136317,20.268726624263984,15.197456901715366
LGBM_reg1,group,84,0.768484107521061,0.6862844625010354,0.08219964502002564,17.66647439949335,13.739204821361207
LGBM_reg1,random,0,0.7649491698874726,0.7349138751536238,0.030035294733848805,17.380823081899454,12.891876858523018
LGBM_reg1,random,7,0.772624894221719,0.6964306593538553,0.0761942348678637,18.471588823259882,13.191827366318808
LGBM_reg1,random,21,0.7720144791152361,0.7132566352413189,0.05875784387391725,18.094810454040836,12.621096428905163
LGBM_reg1,random,42,0.7706164778922062,0.7161909259397273,0.05442555195247889,17.7479647263641,13.27382298106873
LGBM_reg1,random,84,0.7720643904526625,0.7118772871408022,0.06018710331186028,18.217181238393863,12.716870460840667
Cat_reg_current,group,0,0.8325572036054669,0.6805122564779332,0.1520449471275337,17.66978585942915,12.995155810007013
Cat_reg_current,group,7,0.836543274439991,0.6434689501877444,0.19307432425224658,19.094384105423664,13.791777240952944
Cat_reg_current,group,21,0.8220311930842563,0.7204571462617091,0.10157404682254723,15.985869308457355,12.071411714849715
Cat_reg_current,group,42,0.8217182985500414,0.6347379411340663,0.18698035741597507,20.413874564640285,14.832382769997237
Cat_reg_current,group,84,0.822444995550554,0.7391860668667853,0.08325892868376861,16.108209461898998,12.479839250465895
Cat_reg_current,random,0,0.8062368647737809,0.771771497440364,0.034465367333416874,16.12730432020984,11.836307345159685
Cat_reg_current,random,7,0.8198366708657412,0.7428513975710367,0.0769852732947045,17.00072268134523,12.058107810545426
Cat_reg_current,random,21,0.8182575305239751,0.7499227667857922,0.06833476373818292,16.89835492171206,11.80361103412231
Cat_reg_current,random,42,0.8198493959898471,0.7598981194231376,0.05995127656670951,16.324248575785116,12.06268989916032
Cat_reg_current,random,84,0.8168537163819019,0.7539363996139773,0.06291731676792456,16.835116207874538,11.77781206512063
Cat_reg2,group,0,0.7269002567854823,0.6037839043996217,0.1231163523858606,19.677514555653207,14.737473864271443
Cat_reg2,group,7,0.7465962504150221,0.5742863935596032,0.17230985685541889,20.864872789463003,15.39493890378776
Cat_reg2,group,21,0.715895391455891,0.6543549719200374,0.06154041953585354,17.775720706785677,13.745637651832078
Cat_reg2,group,42,0.7110992528283324,0.6170299605587651,0.09406929226956728,20.902852704942138,15.969648637249943
Cat_reg2,group,84,0.7098699077252356,0.6659939173024307,0.04387599042280488,18.22884121845302,14.17277267562603
Cat_reg2,random,0,0.6969739641103567,0.6883241326993532,0.008649831411003506,18.846401067656057,14.151810099130405
Cat_reg2,random,7,0.7120945698717575,0.6435840488235272,0.0685105210482303,20.01492030418012,14.544744623920668
Cat_reg2,random,21,0.7086438665677774,0.6571261569182996,0.05151770964947788,19.78675276113898,14.391573539582144
Cat_reg2,random,42,0.7078051389607602,0.6768633628970988,0.03094177606366144,18.937756100735935,14.484846087678159
Cat_reg2,random,84,0.7127820151188177,0.669679156765026,0.043102858353791684,19.505649707307242,14.063790159834204
RF_reg,group,0,0.771531171135785,0.60731607685875,0.16421509427703496,19.58960801445091,14.246781891531397
RF_reg,group,7,0.7737575973688844,0.5740969025758583,0.19966069479302606,20.869515893825323,15.125171350139153
RF_reg,group,21,0.753121460479687,0.6635172309990349,0.08960422948065205,17.538541532841993,13.057895352215223
RF_reg,group,42,0.7634307053115368,0.6143615264142017,0.14906917889733506,20.975549072511857,15.795249310675876
RF_reg,group,84,0.7546125716166326,0.6965923155753998,0.05802025604123284,17.373813772582416,13.252891277368098
RF_reg,random,0,0.7499105092985485,0.7143099006564666,0.03560060864208192,18.04365172099275,13.26613386473956
RF_reg,random,7,0.7569027426612567,0.6596251195974601,0.09727762306379661,19.55933341332865,13.907878759185936
RF_reg,random,21,0.7587491455707263,0.6769583227883509,0.08179082278237537,19.20598687879208,13.470236028609104
RF_reg,random,42,0.7564849736399948,0.6919235950278079,0.06456137861218691,18.49118047573264,13.767467004330474
RF_reg,random,84,0.7575650770689649,0.6795846501245196,0.07798042694444529,19.21096089840583,13.30214504500407
ET_reg,group,0,0.6869688212150711,0.5454716444823922,0.14149717673267892,21.07582947969711,15.959365909366134
ET_reg,group,7,0.6980037388088679,0.5151432601991544,0.18286047860971355,22.267101775394295,16.47800135766826
ET_reg,group,21,0.6642079352139374,0.6110519320616514,0.05315600315228597,18.856360397110308,14.681777826001996
ET_reg,group,42,0.676567520454566,0.5623837950448246,0.11418372540974142,22.344459731216634,17.28166425326346
ET_reg,group,84,0.6722364622691731,0.61969087525024,0.05254558701893308,19.451372322317404,15.026871218801178
ET_reg,random,0,0.6587194873915795,0.6353640266196904,0.023355460771889103,20.384806659157253,15.416203952110799
ET_reg,random,7,0.6685590355629392,0.61232654862611,0.05623248693682914,20.874127379563845,15.403510904934818
ET_reg,random,21,0.6691787521611339,0.6107242622294594,0.05845448993167446,21.083175205141668,15.576809867164132
ET_reg,random,42,0.6684574673162784,0.6300882541675441,0.038369213148734316,20.26210116422578,15.51065560010168
ET_reg,random,84,0.6678531769585616,0.6299856160279891,0.03786756093057253,20.644374794455597,15.169015203235725
